id,login,display_name,type,broadcaster_type,description,profile_image_url,offline_image_url,view_count,created_at
50985620,papaplatte,Papaplatte,,partner,MOOOOOOOOOOOOOOOOIN MEISTER | Business Email: business@papaplatte.de,https://static-cdn.jtvnw.net/jtv_user_pictures/04abc1b4-7bad-4b55-8da8-c0f1cf031bda-profile_image-300x300.png,https://static-cdn.jtvnw.net/jtv_user_pictures/adb44e1d-0dfe-43a2-9c59-7164c2f4e907-channel_offline_image-1920x1080.jpeg,58661739,2013-11-02T13:29:45.701942Z
84432477,swaggersouls,SwaggerSouls,,partner,"Part time idiot, full time sexy hunk of man.",https://static-cdn.jtvnw.net/jtv_user_pictures/92823118-9c3f-4325-bf37-0ddfda074f2c-profile_image-300x300.png,https://static-cdn.jtvnw.net/jtv_user_pictures/bb6a77b6-209c-4cd5-aa61-0ddfbfecdeb8-channel_offline_image-1920x1080.png,6909783,2015-03-05T17:36:47.843976Z
3389768,philza,Philza,,partner,"Howdy :) - Name's Phil (aka Ph1LzA) & I'm that ""maniac"" of a Minecraft player you may or may not have heard of who plays Hardcore mode Survival. Welcome :D",https://static-cdn.jtvnw.net/jtv_user_pictures/0c784204-f3aa-454f-aacc-8e304a6afc72-profile_image-300x300.png,https://static-cdn.jtvnw.net/jtv_user_pictures/aea7dd1f-7207-48be-81a3-f22b87dd1e38-channel_offline_image-1920x1080.png,17057440,2009-01-11T15:17:35.690719Z
84110474,pink_sparkles,Pink_Sparkles,,partner,"Variety Streamer, Fitness Enthusiast, Food lover",https://static-cdn.jtvnw.net/jtv_user_pictures/0bf80450-95cb-4563-86c4-aade8f47cd36-profile_image-300x300.jpg,https://static-cdn.jtvnw.net/jtv_user_pictures/33ee80d1-c512-48c4-9b0b-30cfa37e6290-channel_offline_image-1920x1080.jpeg,31174457,2015-03-01T14:50:18.060761Z
27686136,sivhd,SivHD,,partner,Siv from League of Legends.,https://static-cdn.jtvnw.net/jtv_user_pictures/a0732bbd-393f-4a16-bbe0-ac10a16b69df-profile_image-300x300.png,,42047020,2012-01-23T08:27:13.559934Z
101868523,ixxyjyxxi,ixxYjYxxi,,partner,,https://static-cdn.jtvnw.net/jtv_user_pictures/9b7b5036-9210-41a9-a078-522952fb6c1d-profile_image-300x300.png,https://static-cdn.jtvnw.net/jtv_user_pictures/0806eb353cbd17fd-channel_offline_image-1920x1080.png,7881819,2015-09-10T11:37:31.373384Z
100484450,stpeach,STPeach,,partner,Streamer from Canada Living in Cali  ^_^ ,https://static-cdn.jtvnw.net/jtv_user_pictures/f8b8c774-e34d-40d9-ba21-9a81cfda73aa-profile_image-300x300.png,https://static-cdn.jtvnw.net/jtv_user_pictures/47385bfd-223f-4bc3-8e74-19a967b13eea-channel_offline_image-1920x1080.png,37814648,2015-08-24T19:15:07.212406Z
19070311,a_seagull,A_Seagull,,partner,COMPETITIVE GAMING ENTHUSIAST,https://static-cdn.jtvnw.net/jtv_user_pictures/a_seagull-profile_image-4d2d235688c7dc66-300x300.png,https://static-cdn.jtvnw.net/jtv_user_pictures/f755a397-2b1c-45d8-a418-8893c6811755-channel_offline_image-1920x1080.png,43320991,2010-12-28T13:01:21.243599Z
41719107,zerator,ZeratoR,,partner,Entrepreneur - Twitch partner - CEO @Unexpected_Fr - Casu √† mon grand dam mais j'organise des trucs. - contact : @tpdach or dach@zerator.tv,https://static-cdn.jtvnw.net/jtv_user_pictures/599b546a-c27f-4684-93ff-5eeecd01fb2b-profile_image-300x300.png,https://static-cdn.jtvnw.net/jtv_user_pictures/ea5ccb61-1bc8-44bd-9840-4f24489b3126-channel_offline_image-1920x1080.jpeg,112057397,2013-03-25T23:44:28.227952Z
9679595,grimmmz,Grimmmz,,partner,Just an all around gamer enjoying all the newest titles/consoles...oh and i love fighting games. WELCOME!,https://static-cdn.jtvnw.net/jtv_user_pictures/grimmmz-profile_image-b6c4dd27a4b900a3-300x300.png,https://static-cdn.jtvnw.net/jtv_user_pictures/8f1a17ab41b96fae-channel_offline_image-1920x1080.png,56634492,2009-12-31T07:57:05.809219Z
43830727,kinggothalion,KingGothalion,,,Following the channel is the free-est form of following the channel.,https://static-cdn.jtvnw.net/jtv_user_pictures/79ba893e-06e7-4696-831b-1f9976a0eba2-profile_image-300x300.png,https://static-cdn.jtvnw.net/jtv_user_pictures/cced6b5b1ca87549-channel_offline_image-1920x1080.png,49625629,2013-05-22T12:28:46.194204Z
28633374,starladder5,StarLadder5,,partner,Hosting esports events all over the world since 2011 üí´,https://static-cdn.jtvnw.net/jtv_user_pictures/9620d2b4-7cdd-4766-8ef2-a67e59b7f84b-profile_image-300x300.png,https://static-cdn.jtvnw.net/jtv_user_pictures/a852ca56-9889-4532-b901-22bffbb30e45-channel_offline_image-1920x1080.png,206719294,2012-03-01T18:16:28.300529Z
49303276,nick28t,Nick28T,,partner,I yell at pixels on a screen for a living... ,https://static-cdn.jtvnw.net/jtv_user_pictures/64c0eaed-eb9c-4fbd-8a92-86508b4caa4d-profile_image-300x300.png,https://static-cdn.jtvnw.net/jtv_user_pictures/4bcbc7d9-555d-473d-8e36-1ece7b5b5124-channel_offline_image-1920x1080.png,46538857,2013-09-21T20:10:06.136827Z
43286888,elotrix,ELoTRiX,,partner,E IL o T IR i X ‚Ñ¢,https://static-cdn.jtvnw.net/jtv_user_pictures/elotrix-profile_image-68e89e930904b2e6-300x300.jpeg,https://static-cdn.jtvnw.net/jtv_user_pictures/0e10acbe-c217-4c52-ba8c-33763b40ba01-channel_offline_image-1920x1080.png,23283366,2013-05-07T14:49:49.381361Z
58393005,calango,calango,,partner,o maior contador de lorotas e abobrinhas do site.,https://static-cdn.jtvnw.net/jtv_user_pictures/b572fe0a-3fab-4a0c-bc7e-c10ff637fdb5-profile_image-300x300.png,https://static-cdn.jtvnw.net/jtv_user_pictures/2aa0f435-e0ee-4b8d-ae5a-6e56a20d18fa-channel_offline_image-1920x1080.png,12764617,2014-03-08T02:38:47.25865Z
20786541,yogscast,Yogscast,,partner,"Hello, and welcome to The Yogscast! | Streaming everyday with a huge range of hosts | Check out the full schedule here: https://schedule.yogscast.com",https://static-cdn.jtvnw.net/jtv_user_pictures/db623728431d29c3-profile_image-300x300.png,https://static-cdn.jtvnw.net/jtv_user_pictures/87479a87-dd4a-4600-bb5e-3c9675d13af3-channel_offline_image-1920x1080.jpeg,142551662,2011-02-27T20:19:01.423136Z
36983084,ungespielt,ungespielt,,,Ja Moin!,https://static-cdn.jtvnw.net/jtv_user_pictures/cb8a45e0-ba30-4ef9-8570-47d5dbf47eea-profile_image-300x300.png,https://static-cdn.jtvnw.net/jtv_user_pictures/2424fc3e61192ac0-channel_offline_image-1920x1080.png,28871011,2012-10-17T15:56:04.509274Z
29578325,beyondthesummit,BeyondTheSummit,,partner,"Beyond The Summit is a broadcasting studio and tournament organizer for a variety of esports titles (including Dota 2, SSBM, CS:GO, & DBFZ). Following and subscribing enables us to continue to create unique content and host amazing events like The Summit. Thank you for your support!",https://static-cdn.jtvnw.net/jtv_user_pictures/f170344d-7a60-47fa-8be6-a74e803fcf12-profile_image-300x300.jpg,,462919842,2012-04-07T04:16:39.984897Z
31921744,zeon,ZEON,,partner,Necati Ak√ßay | Sponsorluklar ve ileti≈üim i√ßin; zeonnn@temagency.com,https://static-cdn.jtvnw.net/jtv_user_pictures/4fdea462d36fadb9-profile_image-300x300.png,https://static-cdn.jtvnw.net/jtv_user_pictures/ff8c0bde-56c0-4570-9f7b-40d365a57743-channel_offline_image-1920x1080.jpeg,51825047,2012-07-06T22:07:25.978051Z
40063341,domingo,Domingo,,partner,Coucou c'est moi !,https://static-cdn.jtvnw.net/jtv_user_pictures/b84b2c78-9e28-4f13-b2fe-bee20a4824d5-profile_image-300x300.png,https://static-cdn.jtvnw.net/jtv_user_pictures/df1cd61f-3ecc-4e6d-986e-c1625e7472cf-channel_offline_image-1920x1080.png,88437412,2013-02-05T19:20:22.84226Z
79615025,valkyrae,Valkyrae,,,I now stream on YouTube! Youtube.com/Valkyrae1,https://static-cdn.jtvnw.net/jtv_user_pictures/d106e6cbf2483610-profile_image-300x300.png,https://static-cdn.jtvnw.net/jtv_user_pictures/711ee522-c68a-41ab-884b-9e41ea7e656b-channel_offline_image-1920x1080.png,15252908,2015-01-12T04:26:42.086345Z
26857029,hastad,hastad,,partner,hastad - RADIANT - VALORANT PLAYER - RAZE IS MY MAIN ,https://static-cdn.jtvnw.net/jtv_user_pictures/8b74f51d-01b2-4fe3-9006-491e392cc67d-profile_image-300x300.png,https://static-cdn.jtvnw.net/jtv_user_pictures/ba27ea2a-d4fe-48a9-a2a2-4c845080d4ec-channel_offline_image-1920x1080.png,52638691,2011-12-18T00:05:08.641512Z
9072112,reckful,Reckful,,partner,hi,https://static-cdn.jtvnw.net/jtv_user_pictures/reckful-profile_image-b22e4d39d3d6e045-300x300.jpeg,,116144032,2009-11-10T01:50:10.499296Z
27121969,onscreen,ONSCREEN,,partner,lol,https://static-cdn.jtvnw.net/jtv_user_pictures/e03d6831-97e6-4c53-bc12-cb7c4cdf304e-profile_image-300x300.png,https://static-cdn.jtvnw.net/jtv_user_pictures/1c19ff35-3184-4512-8995-818f8df1ca21-channel_offline_image-1920x1080.jpeg,48426762,2011-12-30T19:30:00.996167Z
2158531,ubisoft,Ubisoft,,partner,Welcome to Ubisoft's Official Twitch channel! ,https://static-cdn.jtvnw.net/jtv_user_pictures/e273ce97-23c0-4fb1-8617-030bbdd0b179-profile_image-300x300.png,https://static-cdn.jtvnw.net/jtv_user_pictures/49844ea4-af90-46b9-add1-fa401fd4ab22-channel_offline_image-1920x1080.jpeg,19392416,2008-10-16T23:41:58.345863Z
43356746,amaz,Amaz,,partner, Come drop by 6AM PST/9AM EST weekdays! Tweet me @Amaz,https://static-cdn.jtvnw.net/jtv_user_pictures/amaz-profile_image-128bb4f9fe96c7ba-300x300.png,https://static-cdn.jtvnw.net/jtv_user_pictures/392f20fc11fff226-channel_offline_image-1920x1080.png,103603829,2013-05-09T16:46:10.82891Z
94753024,mizkif,Mizkif,,partner,https://www.tiktok.com/@realmizkif,https://static-cdn.jtvnw.net/jtv_user_pictures/ddd88d33-6c4f-424f-9246-5f4978c93148-profile_image-300x300.png,,40483722,2015-06-28T22:35:16.254782Z
66076836,stewie2k,Stewie2K,,partner,,https://static-cdn.jtvnw.net/jtv_user_pictures/44148217-c700-4e78-919e-df5f0fd2a603-profile_image-300x300.png,https://static-cdn.jtvnw.net/jtv_user_pictures/13a3ee05-2f65-48cd-b513-fa22d5a84302-channel_offline_image-1920x1080.png,16723525,2014-07-11T07:35:44.109203Z
50795214,sardoche,Sardoche,,partner,Ex-Challenger d'un dead-game / Future L√©gende de Rocket League / Futur IM aux √©checs,https://static-cdn.jtvnw.net/jtv_user_pictures/2b1b9e13-5b9f-41ee-b375-54d3c6491bb2-profile_image-300x300.png,https://static-cdn.jtvnw.net/jtv_user_pictures/sardoche-channel_offline_image-febc66c83f22e3a3-1920x1080.png,86193297,2013-10-28T17:02:47.626113Z
30104304,maximilian_dood,Maximilian_DOOD,,partner,"Maximilian's Livestream Of Hype! Modern fighting games, classic fighting games, playthrus and YoVideogames on the weekend. MY DOODS!",https://static-cdn.jtvnw.net/jtv_user_pictures/maximilian_dood-profile_image-c6e12e1798861491-300x300.png,https://static-cdn.jtvnw.net/jtv_user_pictures/9bdb9a23-db82-41cf-b229-5bd72971f895-channel_offline_image-1920x1080.png,67872393,2012-04-28T03:03:56.967712Z
22552479,giantwaffle,Giantwaffle,,partner,My name is Andrew and I'm a former Electrical Engineer Student. I mostly play Adventure/Creative Games but also play many MMO's and puzzle games.,https://static-cdn.jtvnw.net/jtv_user_pictures/f03ca1a6-9b96-4296-a50a-c33778238c72-profile_image-300x300.png,https://static-cdn.jtvnw.net/jtv_user_pictures/0d10413b-f52f-49e6-a9dc-990bad3a02dd-channel_offline_image-1920x1080.png,69368238,2011-05-22T18:12:51.416941Z
75346877,brawlhalla,Brawlhalla,,partner,"Welcome to Brawlhalla: the free to play platform fighter on Playstation, Xbox, Nintendo Switch, Steam, iOS, and Android! Check out the Stream Schedule to know when to watch: https://www.brawlhalla.com/schedule/ ",https://static-cdn.jtvnw.net/jtv_user_pictures/501d25e0-fa79-4fb0-b9d5-c60797608823-profile_image-300x300.png,https://static-cdn.jtvnw.net/jtv_user_pictures/9ccb7fc6-edc0-4aec-ab33-214bd7cae4e1-channel_offline_image-1920x1080.jpeg,16146023,2014-11-16T22:23:31.95617Z
100814397,dota2ruhub,Dota2RuHub,,partner,"–û—Ñ–∏—Ü–∏–∞–ª—å–Ω—ã–π –∫–∞–Ω–∞–ª —Å—Ç—É–¥–∏–∏ RuHub –ø–æ –¥–∏—Å—Ü–∏–ø–ª–∏–Ω–µ Dota 2. –°–º–æ—Ç—Ä–∏–º, –æ–±—â–∞–µ–º—Å—è. ",https://static-cdn.jtvnw.net/jtv_user_pictures/ef7c826a-2df5-417b-8823-13c610c302e6-profile_image-300x300.png,https://static-cdn.jtvnw.net/jtv_user_pictures/05fc099a-4905-4e0a-a7bd-e6f97db4e311-channel_offline_image-1920x1080.jpeg,283691126,2015-08-28T09:10:34.933295Z
30080840,tsm_theoddone,TSM_TheOddOne,,partner,"TSM's variety stream, formerly multi lan/championship winning League of Legends streamer",https://static-cdn.jtvnw.net/jtv_user_pictures/tsm_theoddone-profile_image-338e7c68c54f0574-300x300.png,https://static-cdn.jtvnw.net/jtv_user_pictures/efe2dfca-2d9e-4900-b0c6-cea99b003068-channel_offline_image-1920x1080.jpeg,214413311,2012-04-27T01:42:54.027217Z
102346837,pimpimenta,pimpimenta,,partner,"Fala ai, firm√£o ? Curte big plays e zoeiras ? Ent√£o voc√™ est√° no lugar certo hehehe' :D",https://static-cdn.jtvnw.net/jtv_user_pictures/0c3ae2a5-f44b-47db-9a96-cceafd311ba0-profile_image-300x300.png,https://static-cdn.jtvnw.net/jtv_user_pictures/8bec2156-360e-4031-bb9c-a8b6d9bad184-channel_offline_image-1920x1080.png,36612078,2015-09-16T20:07:03.952886Z
40488774,stray228,Stray228,,partner,http://vk.com/straydota,https://static-cdn.jtvnw.net/jtv_user_pictures/stray228-profile_image-ceb0393a88eb8286-300x300.jpeg,https://static-cdn.jtvnw.net/jtv_user_pictures/c788cc96-46ed-4a5d-a3ed-ef487850928e-channel_offline_image-1920x1080.jpeg,91870134,2013-02-19T09:36:53.431977Z
42049440,cheatbanned,cheatbanned,,partner,"–°—Ç—Ä–∏–º–µ—Ä –ø–æ –∏–º–µ–Ω–∏ –í–∏–∫—Ç–æ—Ä, –ø–æ—á—Ç–∞ –¥–ª—è –ø—Ä–µ–¥–ª–æ–∂–µ–Ω–∏–π - victorbiznow@gmail.com",https://static-cdn.jtvnw.net/jtv_user_pictures/1248c5de-e2a0-4ff0-8605-397fe9650b79-profile_image-300x300.jpg,https://static-cdn.jtvnw.net/jtv_user_pictures/b6a16053-6afc-4ca0-b588-56d4a0696c60-channel_offline_image-1920x1080.png,50840193,2013-04-03T22:24:08.995419Z
36858184,m0e_tv,m0E_tv,,partner,Played CSS . BEAT IT switched to CS:GO.... BEAT IT ,https://static-cdn.jtvnw.net/jtv_user_pictures/m0e_tv-profile_image-cc5138df0847b4db-300x300.png,https://static-cdn.jtvnw.net/jtv_user_pictures/m0e_tv-channel_offline_image-8cbeca87d981565b-1920x1080.png,27295535,2012-10-12T23:57:27.742729Z
31478096,mym_alkapone,MYM_ALKAPONE,,partner,Este es mi canal de Stream ven disfrutar muchos juegos en vivo pero sobre todo a echar desmadre con la Razita!!,https://static-cdn.jtvnw.net/jtv_user_pictures/c9c6a82c-3cb2-4299-afa2-3fa24a18d0d9-profile_image-300x300.png,https://static-cdn.jtvnw.net/jtv_user_pictures/b7fc8964-9f5b-411a-b713-37796e68c846-channel_offline_image-1920x1080.png,49619964,2012-06-19T22:03:04.504875Z
56235100,cashnastygaming,CashNastyGaming,,partner,Yeh! I rage a little sometimes..depending on what I‚Äôm playing..other than that..yeh,https://static-cdn.jtvnw.net/jtv_user_pictures/8eca8e3c-00a9-417a-a61d-0cbbd71c2f63-profile_image-300x300.png,,7246191,2014-02-05T16:37:32.685179Z
25653002,iwilldominate,IWillDominate,,partner,Streamer and Content Creator for Cloud9,https://static-cdn.jtvnw.net/jtv_user_pictures/a785eaed-43ce-46e3-9138-d9f50c4a1af5-profile_image-300x300.png,https://static-cdn.jtvnw.net/jtv_user_pictures/06e168af43de7a95-channel_offline_image-1920x1080.png,63764113,2011-10-23T13:43:13.394898Z
30651868,elrichmc,ElRichMC,,partner,"Soy un jugador de Minecraft veterano, llevo 9 a√±os jugando desde la Beta 1.7 Introduje en Espa√±a el t√©rmino de Minecraft T√©cnico, particip√© en el ZipKrowd y he organizado proyectos como UHC Espa√±a, EliteCraft y Permadeath. Mi pasi√≥n es mi mundo Survival 1.7",https://static-cdn.jtvnw.net/jtv_user_pictures/f8bb9c67-375d-478f-8853-ae669e8563b6-profile_image-300x300.jpeg,https://static-cdn.jtvnw.net/jtv_user_pictures/elrichmc-channel_offline_image-a18c33c181c2bbec-1920x1080.png,21984319,2012-05-19T16:14:37.001574Z
7236692,dansgaming,DansGaming,,partner,Twitch Veteran of over 11 years and a true variety streamer of all genres. An engaging and community focused streamer who provides a welcoming place for all.,https://static-cdn.jtvnw.net/jtv_user_pictures/e82b2c90-efe6-41c7-bd50-7caba86fd3b5-profile_image-300x300.png,https://static-cdn.jtvnw.net/jtv_user_pictures/28f438ad-3a7a-4501-bf4d-e9bed9f52b77-channel_offline_image-1920x1080.jpeg,136211921,2009-07-15T03:02:41.783214Z
85875535,starladder_cs_en,StarLadder_cs_en,,partner,Hosting esports events all over the world since 2011 üí´,https://static-cdn.jtvnw.net/jtv_user_pictures/01646320-f468-4b3c-82e9-c50760cfa1ef-profile_image-300x300.png,https://static-cdn.jtvnw.net/jtv_user_pictures/0e2d7b1c-a0da-4590-a0f0-b4cf2b68cb9c-channel_offline_image-1920x1080.png,101737106,2015-03-22T21:35:54.785313Z
14836307,trumpsc,TrumpSC,,affiliate,"Trump: the mayor of Value Town.  Trump attempts to gain value on every turn of Hearthstone by outwitting, outsmarting, and outplaying his opponents.",https://static-cdn.jtvnw.net/jtv_user_pictures/a3e4571a1b9363e8-profile_image-300x300.jpeg,https://static-cdn.jtvnw.net/jtv_user_pictures/23f9391f-d795-45a2-a910-d611b4f4c7f6-channel_offline_image-1920x1080.jpeg,108203195,2010-08-21T02:09:05.70549Z
40972890,admiralbahroo,AdmiralBahroo,,partner,I play the games and attempt to be funny.,https://static-cdn.jtvnw.net/jtv_user_pictures/06053ff1-17a1-4ba8-8e8e-bda2071aa5af-profile_image-300x300.png,https://static-cdn.jtvnw.net/jtv_user_pictures/819ae020-3d0d-401b-8c5a-2b721cbffbe7-channel_offline_image-1920x1080.png,68295882,2013-03-04T08:13:40.72487Z
27446517,monstercat,Monstercat,,partner,Monstercat prides itself in supporting rising electronic artists from around the globe. We are proving that independent labels have the ability to reshape the music industry landscape.,https://static-cdn.jtvnw.net/jtv_user_pictures/monstercat-profile_image-3e109d75f8413319-300x300.jpeg,https://static-cdn.jtvnw.net/jtv_user_pictures/7d8f79b14cff3966-channel_offline_image-1920x1080.jpeg,32923644,2012-01-15T03:18:08.395326Z
108005221,dizzy,dizzy,,partner,gaming warlord,https://static-cdn.jtvnw.net/jtv_user_pictures/bd3996c5-5ada-4a66-9f83-57d087bc4916-profile_image-300x300.jpeg,,15838888,2015-11-26T04:35:59.506612Z
24643779,netherrealm,NetherRealm,,partner,,https://static-cdn.jtvnw.net/jtv_user_pictures/452f3b03-1467-4cbf-a517-87313b505b52-profile_image-300x300.png,https://static-cdn.jtvnw.net/jtv_user_pictures/ec3c7dda-a840-4745-8942-3bbc43bba5e8-channel_offline_image-1920x1080.jpeg,20620952,2011-09-07T22:41:27.316406Z
25575995,mathil1,Mathil1,,partner,"Playing many games, mostly PoE atm. ",https://static-cdn.jtvnw.net/jtv_user_pictures/mathil1-profile_image-39376f797063a87b-300x300.jpeg,,43434990,2011-10-20T00:13:14.861232Z
51478779,flair,Flair,,partner,Comedian turn Fifa Trading Banta Legend ,https://static-cdn.jtvnw.net/jtv_user_pictures/79440ab5-608a-4c85-b245-1dac934edd17-profile_image-300x300.png,https://static-cdn.jtvnw.net/jtv_user_pictures/flair-channel_offline_image-c942752e949d556c-1920x1080.png,5615241,2013-11-13T17:34:03.703562Z
53831525,leffen,Leffen,,partner,"I am a fighting game player, most known for my career in SSBM, Ultimate and DBFZ! I enjoy all types of games though. Generally very honest, to a fault sometimes, and I do not hesistate to ban trolls and idiots.I stream EU evenings/night and US days/evenings.https://www.youtube.com/l3ffen",https://static-cdn.jtvnw.net/jtv_user_pictures/740e0920-d065-4922-8900-b0510309d729-profile_image-300x300.png,https://static-cdn.jtvnw.net/jtv_user_pictures/2cb4bdb5-f588-4423-a87f-1d8e1ffd432e-channel_offline_image-1920x1080.jpeg,11616320,2013-12-25T22:17:54.273542Z
48978939,pch3lk1n,PCH3LK1N,,affiliate,–ê–ª–µ–∫—Å–µ–π –º–µ–Ω—è –∑–æ–≤—É—Ç,https://static-cdn.jtvnw.net/jtv_user_pictures/39daaaf2-b032-4fcc-a5fb-2c7ec00f2404-profile_image-300x300.png,https://static-cdn.jtvnw.net/jtv_user_pictures/e0f18b47-77f9-48de-b34f-5c639ace3ef5-channel_offline_image-1920x1080.jpeg,10484943,2013-09-14T16:12:30.15334Z
26469355,koil,koil,,partner,"Comment, rate and subscribe.",https://static-cdn.jtvnw.net/jtv_user_pictures/10c866e9-c251-4cba-8356-badc9766ad86-profile_image-300x300.png,https://static-cdn.jtvnw.net/jtv_user_pictures/df3e8111-d70a-4eba-8460-86a96ad57481-channel_offline_image-1920x1080.jpeg,20806705,2011-11-30T01:44:29.0445Z
28219022,vargskelethor,Vargskelethor,,partner,My name is Joel. I'm from Sweden and I hate video games. I eat nails for breakfast and tame Siberian tigers in my spare free time. I like metal and I know how to kill skeletons.,https://static-cdn.jtvnw.net/jtv_user_pictures/7ffa27c6-68eb-44e6-91c1-8f8be4eb241d-profile_image-300x300.png,https://static-cdn.jtvnw.net/jtv_user_pictures/d6d9913a75ebccbb-channel_offline_image-1920x1080.jpeg,9181006,2012-02-14T19:42:09.617162Z
94085135,mexify,Mexify,,partner,Ich bin sehr freundlich! :3,https://static-cdn.jtvnw.net/jtv_user_pictures/8beb64df-b71c-4d8c-99ca-3b1ca4dc33d5-profile_image-300x300.png,https://static-cdn.jtvnw.net/jtv_user_pictures/1851500b-6682-46de-9284-256c8cfe3c28-channel_offline_image-1920x1080.png,1347441,2015-06-21T10:53:49.033036Z
72700357,pinkwardlol,PinkWardlol,,partner,The Original AP Shaco Top Player,https://static-cdn.jtvnw.net/jtv_user_pictures/728b6989-ba75-438a-9b7f-f4073d97a479-profile_image-300x300.png,https://static-cdn.jtvnw.net/jtv_user_pictures/pinkwardlol-channel_offline_image-0ea00321d385254c-1920x1080.png,5558703,2014-10-08T23:58:17.319438Z
51914127,eamaddennfl,EAMaddenNFL,,,Welcome to the official Twitch channel for the Madden NFL Franchise by EA SPORTS. Bringing you the best in competitive gaming with the Madden Championship Series! ,https://static-cdn.jtvnw.net/jtv_user_pictures/c22d5e13-21fc-443b-91a9-d98d8c7d33e8-profile_image-300x300.png,https://static-cdn.jtvnw.net/jtv_user_pictures/a3a74450-fc25-43ba-b9fb-cf3d7d27f722-channel_offline_image-1920x1080.png,18507877,2013-11-21T16:53:37.227497Z
9528182,chilledchaos,ChilledChaos,,partner,Next Stream: Next Stream - Wednesday Afternoon  (Among us And Minecraft),https://static-cdn.jtvnw.net/jtv_user_pictures/ccdeb274-9d91-4033-8196-d2c3eaa631e4-profile_image-300x300.png,https://static-cdn.jtvnw.net/jtv_user_pictures/b10574c8-feb0-4973-90cb-893d34f25576-channel_offline_image-1920x1080.jpeg,5455277,2009-12-16T19:23:10.483387Z
37771090,kiwo,Kiwo,,partner,"Concept artist, streamer, straight up hu$$$tler and part time cockney orphan. nice",https://static-cdn.jtvnw.net/jtv_user_pictures/e67e88e7e95eba6d-profile_image-300x300.png,https://static-cdn.jtvnw.net/jtv_user_pictures/kiwo-channel_offline_image-544765fcaba38730-1920x1080.png,17269734,2012-11-17T20:25:32.003859Z
83332770,s7ormytv,S7ORMyTv,,partner,"Info: S7ORMy@newco-mgmt.com üî•üî•üî• CEO mondiale dei MEME S7ORMY nasce come Youtuber, ma √® passato alla storia per aver invaso l'AREA 51 con altri Runners. Conta pi√π di 1.2 Milioni di subs su YouTube, 900.000 su Instagram. √à anche un TikToker di fama internazionale",https://static-cdn.jtvnw.net/jtv_user_pictures/d2326d21-094d-45bf-ac38-5f0701439869-profile_image-300x300.png,https://static-cdn.jtvnw.net/jtv_user_pictures/ce63bf12-7ad2-43b2-b7b2-dae899cbf397-channel_offline_image-1920x1080.jpeg,1798775,2015-02-21T13:16:37.461524Z
38108639,godazed,GODaZeD,,partner,Professional Valorant Player For T1,https://static-cdn.jtvnw.net/jtv_user_pictures/godazed-profile_image-2bad04aeafa1e0b9-300x300.png,https://static-cdn.jtvnw.net/jtv_user_pictures/godazed-channel_offline_image-ec70c8bc3d654c33-1920x1080.png,10976504,2012-12-01T03:43:35.663369Z
40159260,w0xic,w0xic,,partner,"Ben √ñzg√ºr Eker, 22 ya≈üƒ±ndayƒ±m ve ƒ∞stanbul'da ya≈üƒ±yorum.Profesyonel olarak Cloud9 takƒ±mƒ±nda oynuyorum.",https://static-cdn.jtvnw.net/jtv_user_pictures/ff188331-c73b-4893-aced-ad189265a692-profile_image-300x300.png,https://static-cdn.jtvnw.net/jtv_user_pictures/a4dcb21e-8b0b-4a27-8feb-71f1403ce8c2-channel_offline_image-1920x1080.jpeg,7488926,2013-02-09T10:31:05.346906Z
40570590,roomonfire,RoomOnFire,,partner,"Room On Fire is your platform for watching professional Counter-Strike: Global Offensive matches and entertainment! Brought to you by Anders, Semmler, Vendetta, Moses, YNk, Metuz and natu!",https://static-cdn.jtvnw.net/jtv_user_pictures/roomonfire-profile_image-4ee96c1bf16c2f37-300x300.jpeg,https://static-cdn.jtvnw.net/jtv_user_pictures/roomonfire-channel_offline_image-30015c946875679d-1920x1080.jpeg,38853700,2013-02-21T19:53:05.22094Z
98742675,blackufa,BlackUFA,,partner,–û–±–∏—Ç–µ–ª—å –ø—Ä–µ–∫—Ä–∞—Å–Ω—ã—Ö –ª—é–¥–µ–π  :),https://static-cdn.jtvnw.net/jtv_user_pictures/765f4978b39deed4-profile_image-300x300.jpeg,https://static-cdn.jtvnw.net/jtv_user_pictures/bfdcb82d-95eb-40ab-ab72-2cd1435cfc25-channel_offline_image-1920x1080.jpeg,45415262,2015-08-09T18:19:37.373668Z
20260659,hotted89,Hotted89,,partner,"Come hang out for a good time, positive vibes and most of the time cool gameplay :D",https://static-cdn.jtvnw.net/jtv_user_pictures/hotted89-profile_image-41e8e977e539fba4-300x300.jpeg,,24976159,2011-02-07T23:07:13.742584Z
26485145,lolyou,LOLYOU,,partner,Hey welcome to my channel please check out my youtube if your looking for some content :) https://www.youtube.com/lolyou1337,https://static-cdn.jtvnw.net/jtv_user_pictures/ac217bda-4c7a-4862-9084-c3f3fc58ee15-profile_image-300x300.png,,6700873,2011-12-01T00:30:04.219875Z
112868442,albralelie,Albralelie,,partner,,https://static-cdn.jtvnw.net/jtv_user_pictures/8e9f343d-5027-4fe2-a0f8-a30b32c8f5e0-profile_image-300x300.png,https://static-cdn.jtvnw.net/jtv_user_pictures/e7f8ac87-1cb1-4fc9-8816-327c867f5c2c-channel_offline_image-1920x1080.png,9690196,2016-01-16T00:55:02.926568Z
23179441,strippin,Strippin,,partner,Some people are destined for greatness... Everyone else ends up here. ,https://static-cdn.jtvnw.net/jtv_user_pictures/strippin-profile_image-8d7a8f889f7dc4e1-300x300.png,https://static-cdn.jtvnw.net/jtv_user_pictures/9f4166eb-6a32-4630-a38a-dc77504edf91-channel_offline_image-1920x1080.png,22586667,2011-06-29T00:00:53.879034Z
37799181,pimpcsgo,PimpCSGO,,partner,"Professional Counter-Strike player, analyst, and the best guy to drop 30 b0mbs you have ever seen!",https://static-cdn.jtvnw.net/jtv_user_pictures/1db9d0b5-a35d-4866-8c6a-4aa59a6f7ca4-profile_image-300x300.png,https://static-cdn.jtvnw.net/jtv_user_pictures/53b8b107-3ce7-4c07-a4a0-27fa0615dd85-channel_offline_image-1920x1080.png,19286160,2012-11-18T17:07:06.169953Z
31606651,ducksauce,Ducksauce,,partner,,https://static-cdn.jtvnw.net/jtv_user_pictures/25419543-487c-480f-b888-7ede8c3b2e08-profile_image-300x300.png,,23219845,2012-06-24T19:42:55.66814Z
24253450,capguntom,CapgunTom,,partner,,https://static-cdn.jtvnw.net/jtv_user_pictures/6ab7ea379fc53eb9-profile_image-300x300.png,,4448635,2011-08-21T12:50:21.950787Z
16689163,criken,Criken,,partner,Criken is a YouTuber turned Game Developer turned Twitch streamer turned busy guy. His approach to games could best be described as a bull performing surgery with a scalpel in a china shop. He makes and breaks the games he loves.,https://static-cdn.jtvnw.net/jtv_user_pictures/criken-profile_image-e0cceab3117a0aab-300x300.png,https://static-cdn.jtvnw.net/jtv_user_pictures/criken-channel_offline_image-14ca326b7cbcbf37-1920x1080.png,18171532,2010-10-16T21:57:22.198791Z
39154778,recrent,Recrent,,partner,–°—Ç—Ä–∏–º–µ—Ä FPS –∏ BR –∏–≥—Ä. –°–µ–π—á–∞—Å –≤ –æ—Å–Ω–æ–≤–Ω–æ–º —Å—Ç—Ä–∏–º–ª—é CoD: Warzone. –†–∞–Ω—å—à–µ –∏–≥—Ä–∞–ª –≤ PUBG –∑–∞ NaVi –∏ –¥—Ä—É–≥–∏–µ –∫–æ–ª–ª–µ–∫—Ç–∏–≤—ã,https://static-cdn.jtvnw.net/jtv_user_pictures/22fc463e-09b2-44cb-a503-bbcff6db06eb-profile_image-300x300.jpeg,https://static-cdn.jtvnw.net/jtv_user_pictures/7e2d6096-bdb0-4426-86ac-40cebbb954b6-channel_offline_image-1920x1080.png,24463679,2013-01-08T16:53:52.060896Z
29825457,mistakelolz,mistakelolz,,partner,MiSTakE's Channel - about League of Legends,https://static-cdn.jtvnw.net/jtv_user_pictures/mistakelolz-profile_image-20a165d5d9bb0dad-300x300.jpeg,,37608609,2012-04-16T06:17:53.650855Z
91433897,gunes,Gunes,,partner,2014 yƒ±lƒ±ndan beri kendi halinde mutlu mesut yayƒ±n yapan harika biri.,https://static-cdn.jtvnw.net/jtv_user_pictures/db9fa152-8bad-484c-93cd-98acc6d51239-profile_image-300x300.png,https://static-cdn.jtvnw.net/jtv_user_pictures/d0e92149-1bbd-4493-ae85-b636a6c5c2f6-channel_offline_image-1920x1080.png,5780722,2015-05-19T11:05:00.440928Z
29900453,phreakstream,PhreakStream,,partner,I'm Phreak and I work on League of Legends,https://static-cdn.jtvnw.net/jtv_user_pictures/e836b95c-800d-4d59-839b-48538ce41a74-profile_image-300x300.png,https://static-cdn.jtvnw.net/jtv_user_pictures/34a37d7c-fa56-4cf2-b221-b4606785f4ef-channel_offline_image-1920x1080.png,12715716,2012-04-19T23:51:42.237018Z
91526191,johnnyboi_i,JohnnyBoi_i,,partner,Rocket League commentator & content creator.,https://static-cdn.jtvnw.net/jtv_user_pictures/johnnyboi_i-profile_image-bf5274e88bcc1d65-300x300.png,https://static-cdn.jtvnw.net/jtv_user_pictures/2aabcb0e-1180-4a7a-a023-8673c3c46911-channel_offline_image-1920x1080.png,6989385,2015-05-20T19:35:26.2328Z
60806516,mrmoonshouse,MrMoonsHouse,,partner,"Mr. Moon here, YouTuber with a taste for blood, have also been having some fun live streaming here on twitch. Follow me on some adventures!youtube.com/mrmoonshouse",https://static-cdn.jtvnw.net/jtv_user_pictures/mrmoonshouse-profile_image-11889a4030523d2d-300x300.png,https://static-cdn.jtvnw.net/jtv_user_pictures/mrmoonshouse-channel_offline_image-51911b8ff78af47f-1920x1080.png,7007015,2014-04-13T19:54:39.751241Z
21802540,versuta,VeRsuta,,partner,–ö—Ä–∞—Å–∞–≤–µ—Ü –º—É–∂—á–∏–Ω–∞. –°–ø–æ—Ä—Ç—Å–º–µ–Ω –∏ –∫–∏–±–µ—Ä—Å–ø–æ—Ä—Ç—Å–º–µ–Ω. –ü–æ—é –∏ —Ç–∞–Ω—Ü—É—é. –†—ã–≥–∞—é –∏ –∞–Ω–∞–ª–∏–∑–∏—Ä—É—é. –í –æ—Å–Ω–æ–≤–Ω–æ–º —Å—Ç—Ä–∏–º–ª—é DOTA2. –î–ª—è —Ä–µ–∫–ª–∞–º—ã versuta@live.ru –ª–∏–±–æ vk.com/versuta,https://static-cdn.jtvnw.net/jtv_user_pictures/versuta-profile_image-425ce49fede0b8c9-300x300.png,https://static-cdn.jtvnw.net/jtv_user_pictures/18eddedd-37cf-47dd-bff2-a7f8ebe900cc-channel_offline_image-1920x1080.jpeg,113348394,2011-04-17T17:31:36.091604Z
21313349,hbomb94,HBomb94,,partner,6'9 powerhouse of pure muscle and masculinity,https://static-cdn.jtvnw.net/jtv_user_pictures/hbomb94-profile_image-fb6b3fde2f7a2b58-300x300.png,https://static-cdn.jtvnw.net/jtv_user_pictures/hbomb94-channel_offline_image-d629d12036f939ea-1920x1080.png,3426130,2011-03-24T01:39:39.07929Z
63000646,rdcgaming,RDCgaming,,partner,"Here at RDCgaming we do mainly fighting games and we have some pretty epic moments so we hope to make you guys laugh while we have fun playing awesome games.Check out our YouTube Channel called ""RDCworld1"". We do skits, reviews, vlogs, animation, and manga. So definitely go check it out.",https://static-cdn.jtvnw.net/jtv_user_pictures/bbaf4bd8860dc1a5-profile_image-300x300.jpeg,,1606091,2014-05-23T01:28:50.346708Z
62008472,chrismd10,chrismd10,,partner,Doing this YouTube thing. Don't have a real job.,https://static-cdn.jtvnw.net/jtv_user_pictures/chrismd10-profile_image-2484460d7c8bf68d-300x300.png,https://static-cdn.jtvnw.net/jtv_user_pictures/chrismd10-channel_offline_image-6b71602b3bb5b6bb-1920x1080.png,830717,2014-05-02T23:04:51.836381Z
20620820,anderzel,AnderZEL,,partner,The Viking and Derp King of Twitch,https://static-cdn.jtvnw.net/jtv_user_pictures/78e7e2bc-082e-40a7-9ea1-f6a2c25c9a95-profile_image-300x300.png,https://static-cdn.jtvnw.net/jtv_user_pictures/0cdb48720cf37427-channel_offline_image-1920x1080.jpeg,13074035,2011-02-21T00:55:19.968027Z
37530941,dethridgecraft,DethridgeCraft,,partner,"Hi, my name is DethridgeCraft I've been streaming since 2012, and I've been a Twitch Partner since 2013. Here you can find good vibes, great conversation, and a passionate community of gamers. ",https://static-cdn.jtvnw.net/jtv_user_pictures/eb20fc01-c56e-4b47-975d-e7648cab2642-profile_image-300x300.png,https://static-cdn.jtvnw.net/jtv_user_pictures/650b658b-df32-4190-bfd4-a95ef372ff1c-channel_offline_image-1920x1080.jpeg,14039843,2012-11-08T17:57:41.959094Z
24848220,jackfrags,JackFrags,,affiliate,http://www.youtube.com/jackfrags,https://static-cdn.jtvnw.net/jtv_user_pictures/a9b75706-b0d7-4f21-b0c3-4ab3126e2940-profile_image-300x300.png,https://static-cdn.jtvnw.net/jtv_user_pictures/92ea3710-7485-42f0-b6a2-f1c689986b71-channel_offline_image-1920x1080.jpeg,3600660,2011-09-16T16:48:15.914642Z
99681838,arquel,ArQuel,,partner," Na imiƒô ma Krzysztof, tak dali mu rodzice 26 lat temu. Jest czƒôsto u≈õmiechniƒôtym ch≈Çopcem dziƒôki powszechnie znanemu syntetycznemu narkotykowi - Yerba Mate. Klika w League of Legends na g√≥rnej alei, nigdy nie wpasowuje siƒô w mete. Potocznie znany jako syn truskawkowego barona.",https://static-cdn.jtvnw.net/jtv_user_pictures/bf1c2571-eea3-4165-a73b-c37ad6c37a68-profile_image-300x300.png,https://static-cdn.jtvnw.net/jtv_user_pictures/f2dbeb62-b7fa-43e3-ac6b-2e6da762fee1-channel_offline_image-1920x1080.png,32125633,2015-08-18T23:48:39.034133Z
45190616,fcsm_kefir,fcsm_kefir,,partner,–ú–æ–π Youtube-–∫–∞–Ω–∞–ª - http://www.youtube.com/user/ultimatekefir,https://static-cdn.jtvnw.net/jtv_user_pictures/fcsm_kefir-profile_image-961268592b635c78-300x300.png,https://static-cdn.jtvnw.net/jtv_user_pictures/fcsm_kefir-channel_offline_image-31c296e49d11913e-1920x1080.png,11778920,2013-06-25T15:22:35.470597Z
55297839,firebat,Firebat,,partner,Just playing games,https://static-cdn.jtvnw.net/jtv_user_pictures/firebat-profile_image-ba5f20b7d717091d-300x300.jpeg,,14422456,2014-01-20T01:46:34.042565Z
97703217,gradeaundera,GradeAUnderA,,partner,GradeAUnderA's Twitch channel.Will most probably be boring as hell tbh. I can't talk non-stop and I can't act all lively and upbeat the entire time like most of these popular streamers do. And I don't want to try to do so either. COME SAY HI! :D,https://static-cdn.jtvnw.net/jtv_user_pictures/9c5e7eca-79f8-4570-a145-0ad29ebe90a6-profile_image-300x300.jpeg,https://static-cdn.jtvnw.net/jtv_user_pictures/gradeaundera-channel_offline_image-96194f069fcdb0c3-1920x1080.png,1410812,2015-07-30T11:03:11.545144Z
55433748,lyndonfps,LyndonFPS,,partner,,https://static-cdn.jtvnw.net/jtv_user_pictures/lyndonfps-profile_image-7a5f1ffb20a9aca0-300x300.jpeg,https://static-cdn.jtvnw.net/jtv_user_pictures/lyndonfps-channel_offline_image-e7a2ba34685c4930-1920x1080.png,11819146,2014-01-23T00:13:41.244861Z
11152602,teamsp00ky,TeamSp00ky,,partner,Team Spooky specializes in Streaming of Fighting Game Tournaments & Events.  http://teamspooky.com http://youtube.com/teamspooky,https://static-cdn.jtvnw.net/jtv_user_pictures/f1f65a0e-17f0-4ea9-9ba8-d4b7eca16f68-profile_image-300x300.png,https://static-cdn.jtvnw.net/jtv_user_pictures/2803f429-c8e6-4ef3-a3e2-a607d9a09dc2-channel_offline_image-1920x1080.png,93058997,2010-03-17T18:10:26.812001Z
23962922,debitorlp,DebitorLP,,partner,"Hi ich bin Peter und mach hier so ein paar Sachen auf Twitch. Wenn es dir Spa√ü macht schau einfach zu und stelle dich im Chat vor, viel spa√ü!",https://static-cdn.jtvnw.net/jtv_user_pictures/3bcc4ef7-461a-4f3c-b212-35cd3fdf7128-profile_image-300x300.png,https://static-cdn.jtvnw.net/jtv_user_pictures/305ec022-57a5-49c7-9483-79d95ec3789c-channel_offline_image-1920x1080.jpeg,8598142,2011-08-09T21:10:39.632016Z
29211549,zander,Zander,,partner,Moin Leute! ‡ºº „Å§ ‚óï_‚óï ‡ºΩ„Å§,https://static-cdn.jtvnw.net/jtv_user_pictures/af97b052-6a0e-4c46-b71e-6797d393bfab-profile_image-300x300.png,https://static-cdn.jtvnw.net/jtv_user_pictures/185690b9-bde9-4616-a990-89ac6868796b-channel_offline_image-1920x1080.jpeg,12144974,2012-03-23T18:42:43.912201Z
68246485,unboxholics,Unboxholics,,partner,Unboxholics' Official Live Stream Channel,https://static-cdn.jtvnw.net/jtv_user_pictures/unboxholics-profile_image-7613c78b44855f23-300x300.jpeg,https://static-cdn.jtvnw.net/jtv_user_pictures/90c1d320-b90f-4edb-8581-771eff84688d-channel_offline_image-1920x1080.jpeg,9104355,2014-08-05T18:11:32.446428Z
